"ID","Type","SKU","Name","Published","Is featured?","Visibility in catalog","Short description","Description","Date sale price starts","Date sale price ends","Tax status","Tax class","In stock?","Stock","Low stock amount","Backorders allowed?","Sold individually?","Weight (kg)","Length (cm)","Width (cm)","Height (cm)","Allow customer reviews?","Purchase note","Sale price","Regular price","Categories","Tags","Shipping class","Images","Download limit","Download expiry days","Parent","Grouped products","Upsells","Cross-sells","External URL","Button text","Position","Meta: _virtual","Meta: _downloadable"
"","simple","AQV-EFTK-001","Email Funnel Template Kit - Done-For-You Email Sequences","1","0","visible","Done-for-you email sequences for welcome, nurture, sales, and re-engagement - 20 emails plus 100+ subject lines, ready to copy, customize, and send. No more staring at a blank draft. Instant download.","<h2>EMAIL FUNNEL TEMPLATE KIT</h2>
<p><strong>Done-For-You Email Sequences to Welcome, Nurture &amp; Convert Subscribers Into Buyers</strong></p>
<p>A subscriber who never hears from you again was never really a subscriber - they were a missed sale. Email Funnel Template Kit gives you 20 done-for-you emails across four sequences, so every new lead gets welcomed, nurtured, and moved toward a sale automatically.</p>

<h3>Who This Is For</h3>
<ul>
<li>Coaches and course creators building an email list</li>
<li>Small business owners who collect emails but rarely send anything</li>
<li>Anyone who stares at a blank draft and never hits send</li>
<li>Marketers who want a proven structure, not just random one-off emails</li>
</ul>

<h3>Who This Is Not For</h3>
<ul>
<li>Anyone wanting emails already personalized to their exact business (you'll customize the placeholders yourself)</li>
<li>Businesses needing e-commerce-specific flows like abandoned cart product recommendations (this is a general lead-to-sale funnel)</li>
</ul>

<h3>What's Inside</h3>
<ul>
<li>Welcome Sequence (5 emails) - first impression, deliver the lead magnet, build trust</li>
<li>Nurture Sequence (7 emails) - value and relationship-building emails</li>
<li>Sales Sequence (5 emails) - launch/promotion emails that drive the sale</li>
<li>Re-Engagement Sequence (3 emails) - win back cold or inactive subscribers</li>
<li>Subject Line Swipe File - 100+ proven subject lines by category</li>
<li>Quick Start + Funnel Map Guide - see how every sequence connects</li>
</ul>

<h3>Bonuses Included</h3>
<ul>
<li>Email Deliverability Checklist</li>
<li>CTA Button Copy Examples</li>
<li>30 Email Content Ideas</li>
</ul>

<h3>Format</h3>
<p>Copy-paste email swipe file (Word/Google Docs + PDF). Works with any email platform - Mailchimp, ConvertKit, Flodesk, ActiveCampaign, and more. Instant download.</p>

<h3>FAQ</h3>
<p><strong>Q: Will these work with my email platform?</strong><br>
A: Yes - it's plain text/copy you paste into whatever platform you already use.</p>
<p><strong>Q: Do I need to write anything myself?</strong><br>
A: You'll fill in bracketed placeholders ([Your Brand], [Lead Magnet], etc.) with your own details - the structure and copy are done for you.</p>
<p><strong>Q: I don't have a big list yet. Is this still useful?</strong><br>
A: Yes - these sequences work at any list size and are meant to be set up once and run automatically as new people join.</p>

<p><em>Refund Policy: Due to the instant-download nature of this product, all sales are final.</em></p>
","","","taxable","","1","","","0","0","","","","","1","Thank you for your purchase! Your download link is available on the order confirmation page and in your confirmation email. Need help? Contact us anytime.","9.00","19.00","Digital Products > Templates","email templates, email funnel, email marketing templates, welcome sequence, nurture sequence, sales email templates, email swipe file, subject line templates, email automation, lead nurturing, copy paste emails, email marketing for small business","","https://aqvani.shop/wp-content/uploads/eftk-hero-listing.png, https://aqvani.shop/wp-content/uploads/eftk-feature-graphic.png, https://aqvani.shop/wp-content/uploads/eftk-benefits-graphic.png, https://aqvani.shop/wp-content/uploads/eftk-whats-included.png, https://aqvani.shop/wp-content/uploads/eftk-inside-preview.png","-1","-1","","","","","","","0","yes","yes"
